Date,Price,Open,High,Low,Vol.,Change %
12/31/2024,8.2,8.17,8.25,8.12,8.52M,0.61%
12/30/2024,8.15,8.14,8.18,8.08,5.33M,0.00%
12/27/2024,8.15,8.04,8.15,8.04,7.74M,1.37%
12/26/2024,8.04,7.98,8.06,7.98,10.09M,0.88%
12/24/2024,7.97,7.99,8.05,7.95,7.25M,0.25%
12/23/2024,7.95,7.98,8.02,7.94,13.71M,0.00%
12/20/2024,7.95,8.02,8.05,7.95,24.60M,-1.12%
12/19/2024,8.04,7.96,8.06,7.96,18.78M,0.25%
12/18/2024,8.02,8.04,8.07,8.01,9.53M,-0.25%
12/17/2024,8.04,8.11,8.13,8.04,22.15M,-0.74%
12/16/2024,8.1,8.13,8.14,8.09,16.36M,-0.37%
12/13/2024,8.13,8.17,8.18,8.1,13.76M,0.00%
12/12/2024,8.13,8.08,8.16,8.08,9.34M,0.25%
12/11/2024,8.11,7.98,8.13,7.96,16.24M,0.00%
12/10/2024,8.11,8.2,8.22,8.11,11.78M,-0.86%
12/9/2024,8.18,8.15,8.18,8,26.75M,0.12%
12/6/2024,8.17,8.15,8.2,8.15,16.71M,-0.24%
12/5/2024,8.19,8.25,8.25,8.17,17.13M,-0.12%
12/4/2024,8.2,8.18,8.22,8.15,24.62M,-0.12%
12/3/2024,8.21,8.22,8.25,8.2,22.45M,0.00%
12/2/2024,8.21,8.26,8.34,8.21,17.95M,-0.48%
11/29/2024,8.25,8.23,8.29,8.23,28.88M,0.00%
11/28/2024,8.25,8.4,8.4,8.25,21.37M,-1.43%
11/27/2024,8.37,8.39,8.4,8.34,26.28M,0.24%
11/26/2024,8.35,8.38,8.4,8.31,23.17M,-0.36%
11/25/2024,8.38,8.21,8.47,8.21,82.00M,1.95%
11/22/2024,8.22,8.27,8.29,8.2,12.05M,0.12%
11/21/2024,8.21,8.25,8.27,8.21,17.26M,0.00%
11/20/2024,8.21,8.22,8.23,8.16,17.17M,-0.36%
11/19/2024,8.24,8.18,8.27,8.14,12.68M,0.37%
11/18/2024,8.21,8.19,8.25,8.18,20.96M,0.24%
11/15/2024,8.19,8.2,8.25,8.16,19.90M,-0.12%
11/14/2024,8.2,8.28,8.3,8.15,25.97M,0.00%
11/13/2024,8.2,8.2,8.25,8.17,12.83M,0.00%
11/12/2024,8.2,8.2,8.3,8.16,12.09M,0.49%
11/11/2024,8.16,8.25,8.3,8.13,12.62M,-0.73%
11/8/2024,8.22,8.21,8.28,8.15,8.43M,0.49%
11/7/2024,8.18,8.25,8.28,8.16,22.24M,-0.24%
11/6/2024,8.2,8.13,8.2,8.12,18.27M,0.99%
11/5/2024,8.12,8,8.15,7.99,18.52M,1.00%
11/4/2024,8.04,8,8.12,7.95,19.93M,1.13%
11/1/2024,7.95,7.8,7.96,7.76,23.67M,-0.50%
10/30/2024,7.99,8.09,8.12,7.98,30.96M,-1.24%
10/29/2024,8.09,8.05,8.12,8,21.31M,0.87%
10/28/2024,8.02,8.14,8.22,8.02,30.49M,-1.23%
10/25/2024,8.12,8.14,8.15,8.1,11.58M,-0.12%
10/24/2024,8.13,8.15,8.2,8.13,13.54M,-0.61%
10/23/2024,8.18,8.16,8.21,8.14,12.46M,0.25%
10/22/2024,8.16,8.2,8.21,8.14,18.02M,-0.49%
10/21/2024,8.2,8.19,8.24,8.16,16.87M,0.61%
10/18/2024,8.15,8.16,8.23,8.15,11.20M,-0.12%
10/17/2024,8.16,8.17,8.19,8.14,14.66M,0.12%
10/16/2024,8.15,8.26,8.26,8.15,17.50M,-1.21%
10/15/2024,8.25,8.27,8.28,8.23,24.37M,0.00%
10/14/2024,8.25,8.25,8.31,8.21,21.51M,0.36%
10/11/2024,8.22,8.09,8.22,8.08,22.29M,1.73%
10/10/2024,8.08,8.06,8.18,8.04,19.24M,0.62%
10/9/2024,8.03,7.93,8.06,7.93,13.28M,0.88%
10/8/2024,7.96,7.92,7.99,7.91,37.34M,0.00%
10/7/2024,7.96,7.92,7.97,7.84,16.34M,0.51%
10/4/2024,7.92,7.98,8,7.84,29.25M,-0.88%
10/3/2024,7.99,8,8.02,7.86,42.53M,0.13%
10/2/2024,7.98,8.03,8.03,7.92,48.02M,-1.36%
10/1/2024,8.09,8.03,8.12,8.02,23.45M,0.50%
9/30/2024,8.05,8.24,8.24,7.98,33.85M,-2.31%
9/27/2024,8.24,8.29,8.29,8.18,12.24M,-0.48%
9/26/2024,8.28,8.29,8.3,8.24,30.80M,0.00%
9/25/2024,8.28,8.3,8.32,8.25,28.04M,-0.12%
9/24/2024,8.29,8.35,8.38,8.28,35.54M,-0.60%
9/23/2024,8.34,8.44,8.5,8.31,31.90M,-1.18%
9/20/2024,8.44,8.36,8.5,8.35,59.44M,1.81%
9/19/2024,8.29,8.34,8.35,8.26,41.38M,-0.48%
9/18/2024,8.33,8.36,8.43,8.22,30.43M,-0.36%
9/17/2024,8.36,8.19,8.44,8.17,35.04M,2.45%
9/13/2024,8.16,8.09,8.2,7.96,38.05M,0.37%
9/12/2024,8.13,8.22,8.31,8.12,41.75M,-0.85%
9/11/2024,8.2,8.41,8.41,8.19,50.64M,-2.59%
9/10/2024,8.42,8.21,8.42,8.18,38.59M,2.54%
9/9/2024,8.21,8.09,8.24,8.04,26.14M,1.47%
9/6/2024,8.09,8.23,8.23,8.06,23.65M,-0.73%
9/5/2024,8.15,8.23,8.3,8.12,33.75M,0.12%
9/4/2024,8.14,8.03,8.16,7.99,26.93M,-0.48%
9/3/2024,8.18,8.23,8.25,8.06,17.67M,-0.60%
9/2/2024,8.23,8.19,8.32,8.19,39.99M,1.22%
8/30/2024,8.13,7.94,8.2,7.9,46.34M,2.50%
8/29/2024,7.93,8.21,8.37,7.92,42.46M,-4.53%
8/28/2024,8.31,7.92,8.31,7.9,46.04M,5.67%
8/27/2024,7.86,7.83,7.89,7.79,26.96M,0.51%
8/26/2024,7.82,7.83,7.87,7.75,34.75M,0.00%
8/23/2024,7.82,7.82,7.85,7.71,21.18M,0.00%
8/22/2024,7.82,7.85,7.86,7.69,15.53M,0.00%
8/21/2024,7.82,7.79,7.9,7.79,18.66M,0.51%
8/20/2024,7.78,7.9,7.96,7.68,46.29M,-1.51%
8/19/2024,7.9,7.59,7.93,7.59,40.88M,4.05%
8/16/2024,7.59,7.54,7.63,7.53,16.07M,1.73%
8/15/2024,7.47,7.35,7.55,7.34,22.06M,1.62%
8/14/2024,7.35,7.36,7.38,7.33,6.44M,-0.13%
8/13/2024,7.36,7.28,7.36,7.28,16.01M,0.82%
8/12/2024,7.3,7.24,7.34,7.24,18.71M,0.82%
8/9/2024,7.24,7.34,7.38,7.22,18.46M,0.00%
8/8/2024,7.24,7.24,7.28,7.19,20.49M,-0.41%
8/7/2024,7.27,7.16,7.32,7.12,20.60M,1.81%
8/6/2024,7.14,6.93,7.21,6.8,25.84M,2.71%
8/5/2024,6.95,7.26,7.28,6.89,57.17M,-5.27%
8/2/2024,7.34,7.34,7.36,7.28,23.91M,-0.40%
8/1/2024,7.37,7.37,7.44,7.26,24.53M,0.00%
7/31/2024,7.37,7.17,7.45,7.15,28.41M,3.05%
7/30/2024,7.15,7.16,7.22,7.14,25.10M,-0.41%
7/29/2024,7.18,7.13,7.18,7.11,16.06M,0.98%
7/26/2024,7.11,7.13,7.14,7.09,11.66M,-0.28%
7/25/2024,7.13,7.14,7.14,7.08,14.83M,-0.14%
7/24/2024,7.14,7.19,7.19,7.08,17.09M,0.00%
7/23/2024,7.14,7.04,7.19,7.04,14.23M,1.12%
7/22/2024,7.06,7.09,7.11,7.02,20.29M,-0.42%
7/19/2024,7.09,7.09,7.11,7.05,18.25M,0.00%
7/18/2024,7.09,7.1,7.12,7.05,6.63M,0.14%
7/17/2024,7.08,7.11,7.14,7.06,16.48M,-0.14%
7/16/2024,7.09,7.14,7.19,7.06,27.59M,-0.42%
7/15/2024,7.12,7.07,7.15,7.06,11.59M,0.70%
7/12/2024,7.07,7.04,7.09,7,14.67M,0.56%
7/11/2024,7.03,7.04,7.18,7.01,28.82M,0.00%
7/10/2024,7.03,6.92,7.04,6.91,36.28M,1.72%
7/9/2024,6.91,6.93,6.96,6.87,32.75M,0.29%
7/5/2024,6.89,6.94,6.94,6.85,11.46M,-0.71%
7/4/2024,6.94,6.9,6.95,6.9,25.49M,0.57%
7/3/2024,6.9,6.82,6.9,6.82,21.97M,1.16%
7/2/2024,6.82,6.79,6.84,6.77,23.60M,0.73%
7/1/2024,6.77,6.74,6.81,6.72,19.56M,0.44%
6/28/2024,6.74,6.73,6.74,6.7,19.46M,0.44%
6/27/2024,6.71,6.73,6.74,6.69,23.16M,0.15%
6/26/2024,6.7,6.63,6.72,6.62,13.78M,1.20%
6/25/2024,6.62,6.63,6.66,6.58,30.03M,0.00%
6/24/2024,6.62,6.73,6.77,6.61,19.96M,-1.62%
6/21/2024,6.73,6.67,6.74,6.67,37.39M,0.74%
6/20/2024,6.68,6.74,6.74,6.65,15.41M,-0.74%
6/19/2024,6.73,6.74,6.8,6.69,28.38M,-0.59%
6/18/2024,6.77,6.84,6.89,6.72,15.54M,-1.30%
6/14/2024,6.86,6.82,6.87,6.81,15.75M,0.58%
6/13/2024,6.82,6.91,6.91,6.79,11.05M,-0.15%
6/12/2024,6.83,6.88,6.91,6.83,14.56M,0.00%
6/11/2024,6.83,6.88,6.88,6.82,26.04M,-0.72%
6/10/2024,6.88,6.9,6.91,6.85,15.19M,-0.29%
6/7/2024,6.9,6.85,6.91,6.85,14.87M,0.14%
6/6/2024,6.89,6.82,6.9,6.82,22.53M,0.87%
6/5/2024,6.83,6.89,6.94,6.81,23.22M,-1.43%
6/4/2024,6.93,6.81,6.98,6.79,22.67M,2.19%
5/31/2024,6.78,6.78,6.8,6.74,76.90M,0.00%
5/30/2024,6.78,6.79,6.81,6.74,12.28M,-0.44%
5/29/2024,6.81,6.86,6.86,6.77,19.54M,-0.58%
5/28/2024,6.85,6.86,6.87,6.83,15.30M,0.14%
5/27/2024,6.84,6.79,6.87,6.79,8.02M,0.29%
5/24/2024,6.82,6.81,6.84,6.75,18.82M,0.00%
5/23/2024,6.82,6.82,6.84,6.79,23.58M,0.58%
5/21/2024,6.78,6.79,6.79,6.75,16.57M,0.00%
5/20/2024,6.78,6.77,6.79,6.75,22.02M,0.44%
5/17/2024,6.75,6.74,6.76,6.73,19.34M,0.29%
5/16/2024,6.73,6.68,6.76,6.68,19.02M,0.15%
5/15/2024,6.72,6.75,6.76,6.72,20.64M,-0.15%
5/14/2024,6.73,6.74,6.77,6.72,12.75M,-0.15%
5/13/2024,6.74,6.71,6.75,6.71,8.63M,0.44%
5/10/2024,6.71,6.69,6.74,6.68,17.72M,0.30%
5/9/2024,6.69,6.68,6.71,6.67,19.64M,0.15%
5/8/2024,6.68,6.72,6.79,6.63,22.70M,-1.03%
5/7/2024,6.75,6.69,6.86,6.69,26.95M,0.89%
5/6/2024,6.69,6.6,6.69,6.59,21.56M,1.50%
5/3/2024,6.59,6.6,6.62,6.57,24.86M,0.15%
5/2/2024,6.58,6.51,6.58,6.51,15.07M,0.45%
4/30/2024,6.55,6.58,6.66,6.5,36.18M,0.00%
4/29/2024,6.55,6.55,6.58,6.51,21.99M,0.00%
4/26/2024,6.55,6.63,6.64,6.5,21.53M,-1.05%
4/25/2024,6.62,6.61,6.64,6.6,23.38M,0.15%
4/24/2024,6.61,6.65,6.74,6.6,27.03M,0.00%
4/23/2024,6.61,6.57,6.64,6.57,19.92M,0.76%
4/22/2024,6.56,6.49,6.58,6.47,14.88M,0.91%
4/19/2024,6.5,6.53,6.54,6.49,32.90M,-0.46%
4/18/2024,6.53,6.47,6.54,6.47,28.60M,0.92%
4/17/2024,6.47,6.42,6.48,6.39,32.16M,0.77%
4/16/2024,6.42,6.51,6.52,6.42,43.16M,-1.52%
4/15/2024,6.52,6.52,6.57,6.5,26.10M,-0.45%
4/12/2024,6.55,6.47,6.56,6.4,25.30M,0.61%
4/9/2024,6.51,6.58,6.59,6.49,8.99M,-1.05%
4/8/2024,6.58,6.58,6.61,6.53,9.29M,0.15%
4/5/2024,6.57,6.56,6.6,6.51,17.08M,-0.30%
4/4/2024,6.59,6.5,6.6,6.5,13.39M,1.37%
4/3/2024,6.5,6.6,6.6,6.46,12.19M,-1.50%
4/2/2024,6.6,6.64,6.64,6.59,14.51M,0.00%
4/1/2024,6.6,6.62,6.63,6.58,15.77M,0.30%
3/29/2024,6.58,6.55,6.64,6.53,19.29M,1.37%
3/27/2024,6.49,6.44,6.52,6.43,16.72M,0.77%
3/26/2024,6.44,6.41,6.46,6.4,25.92M,0.00%
3/25/2024,6.44,6.5,6.52,6.4,15.57M,-0.76%
3/22/2024,6.49,6.51,6.54,6.45,7.06M,0.00%
3/21/2024,6.49,6.44,6.52,6.41,20.65M,1.08%
3/20/2024,6.42,6.55,6.58,6.39,21.26M,-1.97%
3/19/2024,6.55,6.57,6.66,6.49,28.85M,-0.60%
3/18/2024,6.59,6.47,6.64,6.47,20.56M,0.61%
3/15/2024,6.55,6.39,6.59,6.39,35.61M,-0.30%
3/14/2024,6.57,6.57,6.61,6.54,29.33M,0.00%
3/13/2024,6.57,6.59,6.64,6.54,24.03M,-0.30%
3/12/2024,6.59,6.54,6.63,6.51,26.29M,0.75%
3/11/2024,6.54,6.57,6.61,6.52,15.75M,0.30%
3/8/2024,6.52,6.48,6.54,6.45,14.78M,1.99%
3/7/2024,6.4,6.41,6.48,6.38,17.97M,0.15%
3/6/2024,6.39,6.3,6.4,6.26,22.25M,-0.31%
3/5/2024,6.41,6.31,6.41,6.23,39.36M,1.24%
3/4/2024,6.33,6.26,6.43,6.23,42.30M,1.74%
3/1/2024,6.22,6.34,6.44,6.16,46.00M,-1.86%
2/29/2024,6.34,6.3,6.36,6.3,22.25M,0.47%
2/28/2024,6.31,6.32,6.33,6.28,19.36M,-0.31%
2/27/2024,6.33,6.26,6.36,6.26,11.68M,0.31%
2/26/2024,6.31,6.3,6.33,6.28,16.01M,0.31%
2/23/2024,6.29,6.27,6.32,6.23,17.59M,0.31%
2/22/2024,6.27,6.29,6.32,6.27,7.59M,-0.47%
2/21/2024,6.3,6.29,6.34,6.28,11.70M,-0.47%
2/20/2024,6.33,6.26,6.34,6.24,13.89M,0.78%
2/19/2024,6.28,6.29,6.32,6.26,5.66M,-0.16%
2/16/2024,6.29,6.27,6.29,6.23,10.56M,0.79%
2/15/2024,6.24,6.25,6.28,6.21,7.23M,-0.16%
2/14/2024,6.25,6.18,6.28,6.16,10.69M,0.47%
2/13/2024,6.22,6.08,6.26,6.08,12.50M,2.42%
2/9/2024,6.07,6.09,6.11,6.03,3.26M,-0.64%
2/8/2024,6.11,6.08,6.16,6.08,6.59M,0.48%
2/7/2024,6.08,6.12,6.12,6.06,11.35M,-0.16%
2/6/2024,6.09,6.1,6.13,6.06,10.47M,-0.32%
2/5/2024,6.11,6.13,6.15,6.11,8.31M,0.00%
2/2/2024,6.11,5.96,6.14,5.91,27.81M,0.00%
1/31/2024,6.11,6.1,6.15,6.09,20.19M,0.16%
1/30/2024,6.1,6.1,6.11,6.07,18.08M,0.00%
1/29/2024,6.1,6.07,6.13,6.05,20.81M,0.65%
1/26/2024,6.06,6.02,6.08,6,20.00M,0.98%
1/24/2024,6,5.93,6.03,5.92,11.23M,1.66%
1/23/2024,5.91,5.87,5.93,5.87,9.74M,0.84%
1/22/2024,5.86,5.9,5.91,5.83,14.93M,-0.67%
1/19/2024,5.9,5.83,5.91,5.82,9.53M,1.18%
1/18/2024,5.83,5.84,5.9,5.8,17.10M,-1.49%
1/17/2024,5.92,5.92,5.94,5.85,24.12M,0.33%
1/16/2024,5.9,5.89,5.92,5.87,8.23M,0.17%
1/15/2024,5.89,5.81,5.89,5.81,11.05M,1.35%
1/12/2024,5.81,5.84,5.88,5.77,14.77M,-0.50%
1/11/2024,5.84,5.84,5.89,5.81,18.18M,0.00%
1/10/2024,5.84,5.95,5.96,5.83,14.40M,-1.65%
1/9/2024,5.94,5.94,5.97,5.92,16.80M,0.33%
1/8/2024,5.92,5.91,5.94,5.9,10.98M,0.50%
1/5/2024,5.89,5.84,5.93,5.84,12.48M,0.84%
1/4/2024,5.84,5.79,5.86,5.78,14.96M,0.85%
1/3/2024,5.79,5.74,5.81,5.72,14.46M,1.03%
1/2/2024,5.73,5.71,5.79,5.7,6.86M,-0.17%
12/29/2023,5.74,5.73,5.81,5.68,101.71M,0.17%
12/28/2023,5.73,5.69,5.8,5.68,33.17M,0.69%
12/27/2023,5.69,5.66,5.72,5.66,41.52M,0.35%
12/26/2023,5.67,5.69,5.75,5.67,23.00M,-0.34%
12/22/2023,5.69,5.69,5.72,5.65,15.42M,0.00%
12/21/2023,5.69,5.78,5.79,5.68,17.55M,-1.69%
12/20/2023,5.79,5.87,5.88,5.79,34.64M,-1.01%
12/19/2023,5.85,5.83,5.88,5.8,19.56M,0.34%
12/18/2023,5.83,5.74,5.85,5.72,24.33M,1.89%
12/15/2023,5.72,5.7,5.76,5.69,40.63M,0.34%
12/14/2023,5.7,5.69,5.75,5.64,17.90M,0.35%
12/13/2023,5.68,5.66,5.7,5.65,24.41M,0.00%
12/12/2023,5.68,5.68,5.71,5.65,25.02M,0.17%
12/11/2023,5.67,5.63,5.69,5.6,14.31M,0.35%
12/8/2023,5.65,5.64,5.68,5.61,8.88M,0.00%
12/7/2023,5.65,5.64,5.68,5.59,10.56M,0.17%
12/6/2023,5.64,5.65,5.72,5.61,12.41M,0.00%
12/5/2023,5.64,5.66,5.72,5.61,11.37M,-0.52%
12/4/2023,5.67,5.71,5.81,5.65,14.24M,0.17%
12/1/2023,5.66,5.58,5.72,5.58,32.96M,2.12%
11/30/2023,5.54,5.55,5.56,5.49,28.17M,0.18%
11/29/2023,5.53,5.57,5.6,5.51,7.64M,-0.70%
11/28/2023,5.57,5.64,5.65,5.54,10.26M,-1.22%
11/27/2023,5.64,5.62,5.65,5.61,9.06M,0.00%
11/24/2023,5.64,5.63,5.66,5.61,6.18M,0.17%
11/23/2023,5.63,5.65,5.66,5.61,7.09M,-0.52%
11/22/2023,5.66,5.69,5.69,5.63,7.71M,-0.35%
11/21/2023,5.68,5.67,5.68,5.62,11.16M,0.35%
11/20/2023,5.66,5.66,5.67,5.59,9.03M,-0.52%
11/17/2023,5.69,5.66,5.69,5.63,4.89M,0.35%
11/16/2023,5.67,5.66,5.69,5.64,9.79M,-0.34%
11/15/2023,5.69,5.64,5.69,5.62,11.78M,1.22%
11/14/2023,5.62,5.64,5.69,5.61,12.27M,-0.35%
11/10/2023,5.64,5.63,5.66,5.6,5.43M,-0.52%
11/9/2023,5.67,5.65,5.67,5.63,10.54M,0.17%
11/8/2023,5.66,5.69,5.7,5.65,12.99M,-0.69%
11/7/2023,5.7,5.65,5.7,5.64,13.60M,0.00%
11/6/2023,5.7,5.62,5.7,5.62,17.85M,1.40%
11/3/2023,5.62,5.6,5.64,5.59,15.87M,0.53%
11/2/2023,5.59,5.57,5.62,5.56,6.24M,0.00%
11/1/2023,5.59,5.6,5.61,5.57,10.70M,-0.18%
10/31/2023,5.6,5.57,5.6,5.56,12.90M,0.18%
10/30/2023,5.59,5.57,5.59,5.57,7.73M,0.35%
10/27/2023,5.57,5.55,5.59,5.53,7.02M,0.00%
10/26/2023,5.57,5.58,5.61,5.55,30.11M,-0.18%
10/25/2023,5.58,5.59,5.6,5.56,15.50M,0.18%
10/24/2023,5.57,5.55,5.59,5.5,17.87M,0.35%
10/23/2023,5.55,5.53,5.59,5.48,14.29M,0.71%
10/20/2023,5.51,5.48,5.54,5.45,23.34M,0.72%
10/19/2023,5.47,5.44,5.49,5.44,22.42M,0.18%
10/18/2023,5.46,5.5,5.5,5.44,25.81M,-0.71%
10/17/2023,5.5,5.5,5.54,5.45,11.33M,0.00%
10/16/2023,5.5,5.55,5.55,5.47,21.01M,-0.88%
10/13/2023,5.55,5.56,5.56,5.49,9.19M,0.00%
10/12/2023,5.55,5.51,5.56,5.51,11.27M,1.07%
10/11/2023,5.49,5.48,5.53,5.43,24.10M,0.90%
10/10/2023,5.45,5.32,5.47,5.32,15.66M,2.40%
10/9/2023,5.32,5.32,5.37,5.3,8.09M,0.00%
10/6/2023,5.32,5.31,5.34,5.29,20.45M,0.18%
10/5/2023,5.31,5.3,5.34,5.29,24.91M,0.19%
10/4/2023,5.3,5.3,5.32,5.28,19.66M,-0.18%
10/3/2023,5.31,5.31,5.36,5.29,14.46M,0.19%
10/2/2023,5.3,5.33,5.38,5.28,9.39M,-0.55%
9/29/2023,5.33,5.45,5.45,5.28,36.34M,-2.16%
9/27/2023,5.45,5.45,5.45,5.43,8.70M,0.00%
9/26/2023,5.45,5.44,5.47,5.43,12.93M,0.18%
9/25/2023,5.44,5.48,5.49,5.44,7.97M,-0.89%
9/22/2023,5.48,5.47,5.51,5.45,8.72M,0.00%
9/21/2023,5.48,5.52,5.53,5.46,13.14M,-0.53%
9/20/2023,5.51,5.47,5.53,5.45,10.52M,-2.26%
9/19/2023,5.64,5.67,5.68,5.62,8.42M,-0.17%
9/18/2023,5.65,5.64,5.66,5.63,7.81M,-0.35%
9/15/2023,5.67,5.59,5.67,5.58,21.88M,1.58%
9/14/2023,5.58,5.59,5.64,5.57,13.13M,-0.18%
9/13/2023,5.59,5.59,5.62,5.57,7.23M,0.00%
9/12/2023,5.59,5.59,5.62,5.56,8.34M,-0.18%
9/11/2023,5.6,5.55,5.61,5.55,5.19M,0.35%
9/8/2023,5.58,5.63,5.64,5.56,7.48M,-0.87%
9/7/2023,5.63,5.61,5.64,5.59,4.66M,0.35%
9/6/2023,5.61,5.51,5.63,5.51,12.52M,1.24%
9/5/2023,5.54,5.6,5.6,5.5,13.51M,-1.05%
9/4/2023,5.6,5.63,5.65,5.6,10.58M,-0.52%
9/1/2023,5.63,5.65,5.67,5.55,22.63M,1.95%
8/30/2023,5.52,5.51,5.59,5.51,16.60M,0.00%
8/29/2023,5.52,5.49,5.55,5.47,7.19M,0.54%
8/28/2023,5.49,5.5,5.52,5.47,5.80M,-0.18%
8/25/2023,5.5,5.49,5.5,5.45,4.32M,0.54%
8/24/2023,5.47,5.44,5.52,5.44,3.66M,0.00%
8/23/2023,5.47,5.47,5.48,5.44,6.28M,0.00%
8/22/2023,5.47,5.49,5.52,5.43,7.47M,-0.36%
8/21/2023,5.49,5.45,5.51,5.43,9.75M,0.90%
8/18/2023,5.45,5.53,5.53,5.41,18.01M,-1.60%
8/17/2023,5.53,5.59,5.59,5.53,13.52M,-1.57%
8/16/2023,5.62,5.54,5.64,5.53,12.33M,0.88%
8/15/2023,5.57,5.54,5.59,5.51,5.09M,0.53%
8/14/2023,5.54,5.5,5.55,5.45,6.50M,0.71%
8/11/2023,5.5,5.54,5.54,5.47,10.89M,-0.88%
8/10/2023,5.55,5.54,5.56,5.49,7.22M,0.18%
8/9/2023,5.54,5.49,5.54,5.45,18.47M,0.89%
8/8/2023,5.49,5.42,5.51,5.36,9.50M,1.45%
8/7/2023,5.42,5.41,5.43,5.36,4.21M,0.36%
8/4/2023,5.4,5.36,5.41,5.34,3.42M,0.73%
8/3/2023,5.36,5.38,5.38,5.32,4.49M,-0.18%
8/2/2023,5.37,5.4,5.41,5.35,9.70M,-0.91%
8/1/2023,5.42,5.45,5.45,5.37,10.93M,-0.54%
7/31/2023,5.45,5.4,5.49,5.4,13.11M,0.91%
7/28/2023,5.4,5.36,5.43,5.32,11.37M,0.00%
7/27/2023,5.4,5.35,5.45,5.32,18.96M,0.36%
7/26/2023,5.38,5.33,5.39,5.33,17.16M,0.92%
7/25/2023,5.33,5.28,5.35,5.26,21.18M,1.50%
7/24/2023,5.25,5.2,5.26,5.15,10.77M,0.94%
7/21/2023,5.2,5.17,5.21,5.11,13.85M,1.53%
7/20/2023,5.12,5.12,5.18,5.07,9.27M,0.00%
7/18/2023,5.12,5.2,5.2,5.11,5.57M,-1.32%
7/17/2023,5.19,5.21,5.22,5.16,5.34M,-0.19%
7/14/2023,5.2,5.13,5.24,5.1,28.53M,1.92%
7/13/2023,5.1,5.12,5.17,5.1,6.79M,-0.38%
7/12/2023,5.12,5.11,5.15,5.06,10.34M,0.19%
7/11/2023,5.11,5.11,5.13,5.06,14.83M,0.39%
7/10/2023,5.09,5.06,5.1,5.05,11.89M,0.58%
7/7/2023,5.06,5.08,5.11,5.04,12.09M,-0.96%
7/6/2023,5.11,5.08,5.12,5.03,5.70M,0.58%
7/5/2023,5.08,5.1,5.12,5.07,6.37M,-0.38%
7/4/2023,5.1,5.02,5.12,5.02,6.22M,0.78%
7/3/2023,5.06,5,5.08,4.98,6.66M,1.98%
6/30/2023,4.96,4.99,5.03,4.94,26.45M,-1.75%
6/28/2023,5.05,5.05,5.11,5.03,9.89M,0.00%
6/27/2023,5.05,5.09,5.1,5.02,13.22M,-0.77%
6/26/2023,5.09,5.11,5.15,5.04,11.32M,-0.38%
6/23/2023,5.11,5.15,5.17,5.08,8.00M,-0.57%
6/22/2023,5.14,5.11,5.22,5.11,12.60M,-0.19%
6/21/2023,5.15,5.04,5.17,5.01,26.41M,2.14%
6/20/2023,5.04,4.98,5.08,4.91,12.13M,1.18%
6/19/2023,4.98,4.89,5.04,4.87,11.55M,2.01%
6/16/2023,4.89,4.91,4.93,4.85,58.89M,-0.40%
6/15/2023,4.91,4.91,4.93,4.89,10.26M,0.20%
6/14/2023,4.9,4.91,4.93,4.87,9.12M,0.00%
6/13/2023,4.9,4.92,4.93,4.85,18.91M,-0.60%
6/12/2023,4.93,4.86,4.97,4.86,17.01M,1.41%
6/9/2023,4.86,4.82,4.9,4.81,7.63M,1.02%
6/8/2023,4.81,4.81,4.85,4.75,13.85M,0.00%
6/7/2023,4.81,4.76,4.84,4.74,13.22M,0.41%
6/6/2023,4.79,4.72,4.81,4.72,11.37M,1.46%
6/2/2023,4.72,4.76,4.79,4.71,13.61M,-1.03%
6/1/2023,4.77,4.73,4.8,4.72,21.15M,0.83%
5/31/2023,4.73,4.79,4.83,4.71,86.11M,-1.43%
5/30/2023,4.8,4.8,4.84,4.79,11.60M,0.00%
5/29/2023,4.8,4.83,4.86,4.79,9.32M,-0.20%
5/26/2023,4.81,4.87,4.89,4.81,7.66M,-1.21%
5/25/2023,4.87,4.91,4.91,4.86,10.32M,-0.40%
5/24/2023,4.89,4.91,4.91,4.86,8.31M,-0.60%
5/23/2023,4.92,4.93,4.94,4.89,11.28M,-0.79%
5/22/2023,4.95,4.92,4.97,4.9,13.13M,0.60%
5/19/2023,4.93,4.9,4.93,4.87,7.92M,0.20%
5/18/2023,4.92,4.9,4.92,4.87,4.83M,0.60%
5/17/2023,4.89,4.9,4.93,4.89,9.41M,-0.20%
5/16/2023,4.9,4.89,4.93,4.88,12.21M,0.20%
5/15/2023,4.89,4.88,4.92,4.87,6.76M,0.61%
5/12/2023,4.86,4.9,4.91,4.86,18.49M,0.00%
5/11/2023,4.86,4.93,4.96,4.86,20.25M,-1.39%
5/10/2023,4.93,4.99,5.02,4.93,17.77M,-1.76%
5/9/2023,5.01,5.05,5.05,4.99,12.55M,-0.97%
5/8/2023,5.06,5.03,5.09,5.03,7.90M,0.58%
5/5/2023,5.03,4.98,5.05,4.96,7.62M,1.18%
5/3/2023,4.97,4.99,5.01,4.93,14.48M,-0.39%
5/2/2023,4.99,4.96,5.01,4.93,12.50M,0.59%
4/28/2023,4.96,4.99,5.02,4.95,4.94M,-0.20%
4/27/2023,4.97,4.96,5.03,4.93,11.81M,0.40%
4/26/2023,4.95,5.05,5.05,4.93,12.02M,-2.13%
4/25/2023,5.06,5.05,5.08,5.03,9.81M,-0.58%
4/20/2023,5.09,5.11,5.12,5.08,10.53M,-0.57%
4/19/2023,5.12,5.12,5.14,5.09,7.01M,-0.57%
4/18/2023,5.15,5.16,5.17,5.12,2.45M,-0.19%
4/17/2023,5.16,5.12,5.17,5.12,5.65M,0.57%
4/14/2023,5.13,5.12,5.15,5.1,6.58M,0.58%
4/13/2023,5.1,5.15,5.16,5.1,12.04M,-0.76%
4/12/2023,5.14,5.15,5.17,5.07,9.45M,0.38%
4/11/2023,5.12,5.08,5.18,5.08,8.10M,0.77%
4/10/2023,5.08,5.07,5.11,5.06,5.56M,0.39%
4/7/2023,5.06,5.15,5.15,5.06,6.91M,-1.90%
4/6/2023,5.16,5.23,5.24,5.12,6.15M,-0.94%
4/5/2023,5.21,5.24,5.24,5.18,1.96M,-0.38%
4/4/2023,5.23,5.2,5.25,5.18,3.72M,0.57%
4/3/2023,5.2,5.21,5.24,5.17,3.04M,-0.19%
3/31/2023,5.21,5.27,5.29,5.18,8.56M,-0.75%
3/30/2023,5.25,5.18,5.28,5.13,12.46M,0.75%
3/29/2023,5.21,5.13,5.24,5.12,7.07M,1.92%
3/28/2023,5.11,5.1,5.12,5.06,5.67M,0.97%
3/27/2023,5.06,5.08,5.09,5.04,7.91M,-0.58%
3/24/2023,5.09,5.13,5.15,5.07,11.18M,-0.38%
3/23/2023,5.11,5.09,5.12,5.05,9.58M,0.19%
3/22/2023,5.1,5.11,5.15,5.08,13.50M,0.19%
3/21/2023,5.09,5.08,5.15,5.08,3.42M,0.78%
3/20/2023,5.05,5.11,5.12,5.03,8.22M,-1.34%
3/17/2023,5.12,5.08,5.15,5.07,16.93M,1.36%
3/16/2023,5.05,5.07,5.08,5.01,10.81M,-1.53%
3/15/2023,5.13,5.1,5.15,5.08,19.09M,1.16%
3/14/2023,5.07,5.21,5.23,5.07,18.78M,-3.00%
3/13/2023,5.23,5.18,5.28,5.01,10.02M,-1.84%
3/10/2023,5.33,5.4,5.43,5.32,11.70M,-1.27%
3/9/2023,5.4,5.46,5.49,5.38,7.84M,-1.26%
3/8/2023,5.46,5.45,5.49,5.44,8.21M,0.36%
3/7/2023,5.45,5.45,5.49,5.42,7.42M,-0.72%
3/6/2023,5.48,5.48,5.53,5.45,6.50M,0.00%
3/3/2023,5.48,5.5,5.52,5.47,6.81M,0.18%
3/2/2023,5.47,5.47,5.49,5.45,8.77M,-0.71%
3/1/2023,5.51,5.5,5.53,5.45,11.18M,0.18%
2/28/2023,5.5,5.42,5.51,5.4,24.36M,1.26%
2/27/2023,5.44,5.38,5.46,5.38,14.96M,1.28%
2/24/2023,5.37,5.36,5.39,5.34,9.79M,0.00%
2/23/2023,5.37,5.36,5.37,5.35,11.71M,0.00%
2/22/2023,5.37,5.35,5.42,5.34,16.48M,0.55%
2/21/2023,5.34,5.32,5.36,5.32,7.63M,0.37%
2/20/2023,5.32,5.3,5.33,5.3,12.60M,0.37%
2/17/2023,5.3,5.34,5.34,5.3,19.11M,-0.55%
2/16/2023,5.33,5.34,5.37,5.31,13.48M,0.00%
2/15/2023,5.33,5.31,5.36,5.29,7.52M,0.37%
2/14/2023,5.31,5.37,5.41,5.29,8.49M,-0.55%
2/13/2023,5.34,5.3,5.38,5.29,11.97M,1.30%
2/10/2023,5.27,5.27,5.34,5.26,9.08M,0.00%
2/9/2023,5.27,5.29,5.34,5.25,20.47M,-0.56%
2/8/2023,5.3,5.45,5.46,5.28,27.00M,-3.23%
2/7/2023,5.47,5.5,5.56,5.45,17.30M,-1.41%
2/3/2023,5.55,5.59,5.59,5.49,19.97M,-0.70%
2/2/2023,5.59,5.64,5.64,5.56,16.39M,-0.87%
1/31/2023,5.64,5.66,5.66,5.62,17.05M,-0.52%
1/30/2023,5.67,5.63,5.69,5.58,14.51M,0.70%
1/27/2023,5.63,5.61,5.66,5.57,10.00M,0.35%
1/26/2023,5.61,5.67,5.67,5.55,18.41M,-1.04%
1/25/2023,5.67,5.67,5.68,5.62,7.64M,0.17%
1/20/2023,5.66,5.64,5.67,5.62,10.15M,1.41%
1/19/2023,5.58,5.63,5.64,5.53,18.88M,-0.52%
1/18/2023,5.61,5.64,5.67,5.58,17.26M,-0.87%
1/17/2023,5.66,5.65,5.66,5.63,6.57M,0.17%
1/16/2023,5.65,5.67,5.67,5.61,9.62M,-0.35%
1/13/2023,5.67,5.66,5.69,5.63,10.37M,0.52%
1/12/2023,5.64,5.66,5.69,5.64,9.17M,-0.35%
1/11/2023,5.66,5.61,5.67,5.61,10.32M,0.87%
1/10/2023,5.61,5.59,5.64,5.58,11.43M,0.18%
1/9/2023,5.6,5.57,5.61,5.56,14.19M,0.71%
1/6/2023,5.56,5.59,5.67,5.54,7.52M,-1.05%
1/5/2023,5.62,5.55,5.66,5.55,15.20M,1.42%
1/4/2023,5.54,5.59,5.67,5.53,9.81M,-0.88%
1/3/2023,5.59,5.69,5.69,5.57,5.72M,-1.72%
12/30/2022,5.69,5.74,5.77,5.63,18.26M,0.00%
12/29/2022,5.69,5.54,5.7,5.48,8.23M,2.65%
12/28/2022,5.54,5.53,5.61,5.45,15.00M,0.00%
12/27/2022,5.54,5.66,5.66,5.48,23.53M,-1.57%
12/23/2022,5.63,5.69,5.69,5.57,5.54M,-0.69%
12/22/2022,5.67,5.7,5.7,5.65,5.55M,-0.17%
12/21/2022,5.68,5.68,5.73,5.67,5.37M,-0.52%
12/20/2022,5.71,5.64,5.73,5.64,9.36M,0.69%
12/19/2022,5.67,5.73,5.75,5.66,9.74M,0.00%
12/16/2022,5.67,5.63,5.72,5.61,18.38M,0.52%
12/15/2022,5.64,5.71,5.71,5.63,17.51M,-1.37%
12/14/2022,5.72,5.68,5.74,5.63,17.03M,1.22%
12/13/2022,5.65,5.69,5.69,5.6,7.71M,0.35%
12/12/2022,5.63,5.54,5.65,5.51,22.96M,1.59%
12/9/2022,5.54,5.51,5.56,5.5,16.24M,0.71%
12/8/2022,5.5,5.54,5.57,5.47,20.61M,-0.88%
12/7/2022,5.55,5.46,5.61,5.45,42.96M,1.62%
12/6/2022,5.46,5.49,5.5,5.44,33.42M,-1.24%
12/5/2022,5.53,5.53,5.55,5.46,16.62M,0.00%
12/2/2022,5.53,5.55,5.57,5.49,15.99M,-1.91%
12/1/2022,5.64,5.71,5.74,5.62,14.36M,-0.86%
11/30/2022,5.69,5.7,5.7,5.63,48.77M,-0.34%
11/29/2022,5.71,5.69,5.78,5.67,31.38M,0.34%
11/25/2022,5.69,5.74,5.79,5.6,32.91M,-2.04%
11/24/2022,5.81,5.48,5.84,5.47,48.68M,6.53%
11/23/2022,5.45,5.39,5.48,5.39,15.40M,0.00%
11/22/2022,5.45,5.44,5.48,5.43,7.89M,0.00%
11/21/2022,5.45,5.29,5.46,5.27,15.03M,1.85%
11/17/2022,5.35,5.29,5.36,5.29,17.19M,1.12%
11/16/2022,5.29,5.35,5.35,5.25,27.10M,-1.11%
11/15/2022,5.35,5.4,5.42,5.34,12.10M,-1.46%
11/14/2022,5.43,5.45,5.47,5.4,10.71M,-0.54%
11/11/2022,5.46,5.51,5.51,5.42,15.00M,0.73%
11/10/2022,5.42,5.39,5.47,5.35,10.92M,0.74%
11/9/2022,5.38,5.36,5.44,5.36,24.82M,0.37%
11/8/2022,5.36,5.32,5.36,5.27,14.30M,1.31%
11/7/2022,5.29,5.31,5.37,5.28,11.92M,-0.37%
11/4/2022,5.31,5.34,5.35,5.27,20.54M,0.37%
11/3/2022,5.29,5.43,5.46,5.28,16.85M,-2.55%
11/2/2022,5.43,5.42,5.5,5.38,16.46M,0.18%
11/1/2022,5.42,5.44,5.47,5.39,18.25M,-0.72%
10/31/2022,5.46,5.5,5.58,5.42,23.55M,-0.72%
10/28/2022,5.5,5.54,5.59,5.47,14.09M,-0.71%
10/27/2022,5.54,5.49,5.55,5.49,16.22M,0.90%
10/26/2022,5.49,5.53,5.54,5.46,21.89M,-0.72%
10/25/2022,5.53,5.47,5.54,5.46,23.37M,1.08%
10/21/2022,5.47,5.44,5.49,5.43,17.94M,0.55%
10/20/2022,5.44,5.34,5.44,5.33,27.43M,2.04%
10/19/2022,5.33,5.2,5.33,5.2,11.80M,2.67%
10/18/2022,5.2,5.26,5.3,5.18,8.97M,-0.94%
10/17/2022,5.24,5.28,5.28,5.19,10.11M,0.00%
10/14/2022,5.24,5.29,5.32,5.24,17.29M,0.00%
10/13/2022,5.24,5.28,5.29,5.22,18.51M,0.00%
10/12/2022,5.24,5.23,5.32,5.21,19.57M,0.19%
10/11/2022,5.23,5.16,5.24,5.16,19.74M,0.76%
10/7/2022,5.2,5.21,5.24,5.19,11.17M,-0.19%
10/6/2022,5.21,5.2,5.25,5.19,12.13M,0.00%
10/5/2022,5.21,5.2,5.24,5.19,11.45M,0.57%
10/4/2022,5.18,5.09,5.19,5.09,8.28M,2.15%
10/3/2022,5.07,5.06,5.13,5.04,23.73M,-0.19%
9/30/2022,5.08,5.08,5.13,5.03,16.41M,-0.39%
9/29/2022,5.1,5.13,5.13,5.08,16.27M,0.78%
9/28/2022,5.06,5.07,5.12,5.04,24.46M,-2.67%
9/27/2022,5.2,5.24,5.28,5.2,23.90M,-0.94%
9/26/2022,5.24,5.33,5.33,5.21,18.67M,-1.67%
9/23/2022,5.33,5.34,5.37,5.29,21.00M,0.19%
9/22/2022,5.32,5.36,5.38,5.28,18.53M,-1.28%
9/21/2022,5.39,5.42,5.42,5.35,11.98M,-0.55%
9/20/2022,5.42,5.39,5.49,5.39,18.24M,1.11%
9/19/2022,5.36,5.34,5.39,5.31,27.45M,0.93%
9/15/2022,5.31,5.37,5.41,5.3,19.37M,-0.37%
9/14/2022,5.33,5.34,5.41,5.32,10.68M,-1.10%
9/13/2022,5.39,5.42,5.46,5.35,12.65M,-0.37%
9/12/2022,5.41,5.38,5.44,5.38,7.17M,0.55%
9/9/2022,5.38,5.38,5.41,5.34,10.67M,0.74%
9/8/2022,5.34,5.35,5.39,5.26,18.74M,0.00%
9/7/2022,5.34,5.4,5.41,5.33,8.49M,-1.10%
9/6/2022,5.4,5.42,5.45,5.38,6.77M,-0.36%
9/5/2022,5.42,5.44,5.46,5.41,7.48M,-0.36%
9/2/2022,5.44,5.41,5.46,5.41,13.01M,0.36%
9/1/2022,5.42,5.27,5.46,5.27,23.85M,2.05%
8/30/2022,5.31,5.32,5.38,5.3,20.98M,-0.56%
8/29/2022,5.34,5.33,5.39,5.25,8.18M,-1.10%
8/26/2022,5.4,5.33,5.4,5.3,11.17M,1.11%
8/25/2022,5.34,5.31,5.34,5.29,10.25M,0.75%
8/24/2022,5.3,5.24,5.35,5.23,8.28M,1.52%
8/23/2022,5.22,5.24,5.24,5.2,12.24M,-0.56%
8/22/2022,5.25,5.3,5.34,5.24,19.06M,-2.03%
8/19/2022,5.36,5.42,5.43,5.32,5.48M,-0.91%
8/18/2022,5.41,5.38,5.43,5.37,14.09M,0.37%
8/17/2022,5.39,5.38,5.4,5.37,7.67M,0.00%
8/16/2022,5.39,5.38,5.4,5.36,14.47M,0.37%
8/15/2022,5.37,5.37,5.39,5.32,9.59M,0.00%
8/12/2022,5.37,5.31,5.39,5.31,14.38M,1.12%
8/11/2022,5.31,5.24,5.33,5.24,18.35M,1.32%
8/10/2022,5.24,5.24,5.25,5.21,11.93M,0.19%
8/9/2022,5.23,5.22,5.26,5.21,8.50M,0.19%
8/8/2022,5.22,5.2,5.24,5.18,10.15M,0.57%
8/5/2022,5.2,5.2,5.21,5.16,7.33M,0.00%
8/4/2022,5.2,5.17,5.22,5.17,15.57M,0.38%
8/3/2022,5.18,5.18,5.18,5.14,10.99M,-0.38%
8/2/2022,5.2,5.18,5.21,5.18,7.62M,0.00%
8/1/2022,5.2,5.16,5.21,5.16,5.37M,0.77%
7/29/2022,5.16,5.21,5.24,5.12,10.19M,-1.33%
7/28/2022,5.22,5.18,5.23,5.15,11.65M,1.15%
7/27/2022,5.17,5.13,5.17,5.12,8.10M,0.38%
7/26/2022,5.15,5.15,5.16,5.12,5.62M,-0.38%
7/25/2022,5.17,5.16,5.18,5.13,4.81M,-0.57%
7/22/2022,5.2,5.13,5.2,5.12,14.68M,1.74%
7/21/2022,5.11,5.06,5.13,5.06,10.88M,1.38%
7/20/2022,5.04,5.05,5.06,5.02,6.87M,-0.20%
7/19/2022,5.05,5.03,5.05,5.02,6.48M,0.20%
7/18/2022,5.04,5.02,5.06,4.99,7.18M,0.79%
7/15/2022,5,5.05,5.05,4.98,8.31M,-0.98%
7/14/2022,5.05,5.01,5.05,5,6.34M,0.20%
7/13/2022,5.04,5.04,5.06,5.02,6.93M,-0.59%
7/12/2022,5.07,5.08,5.08,5.03,6.18M,-0.39%
7/8/2022,5.09,5.04,5.09,5.03,9.78M,0.98%
7/7/2022,5.04,5.05,5.09,5.04,15.96M,-0.20%
7/6/2022,5.05,5,5.09,5,11.46M,0.99%
7/5/2022,5,4.99,5.01,4.98,9.45M,0.40%
7/4/2022,4.98,4.93,5,4.92,2.43M,0.00%
7/1/2022,4.98,4.92,5.01,4.92,6.21M,1.41%
6/30/2022,4.91,4.94,4.97,4.91,10.36M,0.20%
6/29/2022,4.9,4.95,4.95,4.89,6.92M,-1.00%
6/28/2022,4.95,4.88,4.97,4.85,7.48M,1.63%
6/27/2022,4.87,4.86,4.89,4.82,3.27M,0.41%
6/24/2022,4.85,4.86,4.88,4.82,3.67M,0.00%
6/23/2022,4.85,4.85,4.9,4.8,5.69M,0.00%
6/22/2022,4.85,4.91,4.92,4.84,9.70M,-1.21%
6/21/2022,4.91,4.85,4.91,4.85,9.37M,1.22%
6/20/2022,4.85,4.88,4.9,4.82,8.53M,-0.41%
6/17/2022,4.87,4.88,4.92,4.87,22.40M,-1.99%
6/16/2022,4.97,4.95,4.99,4.95,6.98M,1.21%
6/15/2022,4.91,4.95,4.97,4.85,9.37M,-0.60%
6/14/2022,4.94,4.86,4.96,4.78,10.91M,1.22%
6/13/2022,4.88,4.95,4.96,4.86,6.99M,-2.18%
6/10/2022,4.99,5,5.02,4.96,5.28M,-0.59%
6/9/2022,5.02,5,5.04,4.99,9.59M,0.00%
6/8/2022,5.02,5.01,5.05,5,6.99M,0.20%
6/7/2022,5.01,5.03,5.07,4.97,10.17M,-0.78%
6/3/2022,5.05,5.12,5.13,5.04,6.44M,-1.54%
6/2/2022,5.13,5.15,5.16,5.09,9.60M,-0.38%
6/1/2022,5.15,5.09,5.22,5.05,19.64M,0.97%
5/31/2022,5.1,5,5.1,4.96,35.58M,1.98%
5/30/2022,5,5.03,5.03,4.98,7.46M,0.00%
5/27/2022,5,4.97,5,4.93,5.61M,0.80%
5/26/2022,4.96,4.91,4.98,4.89,6.43M,1.21%
5/25/2022,4.9,4.9,4.93,4.89,8.07M,0.00%
5/24/2022,4.9,4.97,4.99,4.9,6.64M,-1.20%
5/23/2022,4.96,4.98,5.03,4.94,8.73M,-0.20%
5/20/2022,4.97,4.99,5.02,4.97,9.92M,-0.40%
5/19/2022,4.99,5.02,5.04,4.99,9.83M,-0.59%
5/18/2022,5.02,5.01,5.05,5.01,10.36M,0.20%
5/17/2022,5.01,5.05,5.05,5,14.03M,0.40%
5/13/2022,4.99,5.01,5.03,4.99,7.93M,-0.20%
5/12/2022,5,5.04,5.07,5,10.65M,-0.98%
5/11/2022,5.05,5.02,5.07,5.02,12.69M,0.39%
5/10/2022,5.03,5.04,5.08,5.01,10.78M,-0.39%
5/9/2022,5.05,5.05,5.07,5.01,9.70M,-0.39%
5/6/2022,5.07,5.07,5.1,5.02,14.26M,0.20%
5/5/2022,5.06,5.34,5.34,5.01,16.92M,-1.73%
4/29/2022,5.15,5.16,5.19,5.12,13.64M,0.19%
4/28/2022,5.14,5.13,5.17,5.1,18.67M,0.78%
4/27/2022,5.1,5.1,5.14,5.1,7.25M,-0.77%
4/26/2022,5.14,5.1,5.16,5.1,7.17M,0.58%
4/25/2022,5.11,5.09,5.12,5.08,9.14M,-0.19%
4/22/2022,5.12,5.14,5.17,5.08,14.70M,0.00%
4/21/2022,5.12,5.06,5.14,5.06,18.62M,1.57%
4/20/2022,5.04,4.99,5.06,4.97,32.38M,1.19%
4/18/2022,4.98,5.05,5.05,4.97,13.32M,-1.18%
4/15/2022,5.04,5.08,5.08,5.02,14.34M,-0.97%
4/14/2022,5.09,5.22,5.24,5.07,16.42M,-2.65%
4/13/2022,5.22,5.26,5.34,5.21,17.58M,-0.94%
4/12/2022,5.27,5.25,5.29,5.25,12.08M,0.00%
4/11/2022,5.27,5.26,5.28,5.24,9.07M,-0.37%
4/8/2022,5.29,5.27,5.31,5.22,6.40M,0.00%
4/7/2022,5.29,5.25,5.29,5.21,8.11M,0.75%
4/6/2022,5.25,5.2,5.3,5.2,7.37M,0.76%
4/5/2022,5.21,5.21,5.24,5.21,5.78M,-0.57%
4/4/2022,5.24,5.25,5.29,5.22,2.79M,-0.56%
4/1/2022,5.27,5.27,5.29,5.23,4.56M,0.00%
3/31/2022,5.27,5.27,5.31,5.22,12.68M,0.00%
3/30/2022,5.27,5.26,5.31,5.22,4.17M,0.19%
3/29/2022,5.26,5.27,5.32,5.21,5.55M,-0.19%
3/28/2022,5.27,5.31,5.31,5.25,8.54M,-0.74%
3/25/2022,5.31,5.21,5.31,5.21,7.01M,-1.59%
3/24/2022,5.4,5.37,5.42,5.35,7.81M,0.56%
3/23/2022,5.37,5.29,5.39,5.29,6.01M,1.32%
3/22/2022,5.3,5.35,5.37,5.27,8.13M,-0.93%
3/21/2022,5.35,5.36,5.38,5.33,10.97M,-0.19%
3/18/2022,5.36,5.47,5.48,5.33,43.94M,-2.19%
3/17/2022,5.48,5.35,5.52,5.33,27.97M,3.40%
3/16/2022,5.3,5.12,5.3,5.11,17.71M,4.13%
3/15/2022,5.09,5.08,5.12,5.03,10.81M,0.39%
3/14/2022,5.07,5.07,5.09,5.03,5.89M,0.40%
3/11/2022,5.05,5.05,5.08,4.96,5.69M,0.40%
3/10/2022,5.03,4.99,5.06,4.95,14.66M,2.86%
3/9/2022,4.89,4.78,4.92,4.78,16.32M,2.95%
3/8/2022,4.75,4.85,4.85,4.72,23.38M,-2.46%
3/7/2022,4.87,5.07,5.07,4.8,45.95M,-3.94%
3/4/2022,5.07,5.1,5.12,5.05,13.35M,-0.59%
3/3/2022,5.1,5.06,5.15,5.03,29.07M,1.39%
3/2/2022,5.03,5.3,5.34,5,66.92M,-4.91%
3/1/2022,5.29,5.71,5.71,5.27,71.69M,-7.36%
2/28/2022,5.71,5.66,5.75,5.66,35.88M,0.71%
2/25/2022,5.67,5.5,5.68,5.49,16.72M,3.47%
2/24/2022,5.48,5.55,5.56,5.44,21.26M,-1.26%
2/23/2022,5.55,5.49,5.58,5.49,12.47M,0.91%
2/22/2022,5.5,5.58,5.6,5.49,16.85M,-1.26%
2/21/2022,5.57,5.6,5.6,5.53,8.26M,-0.54%
2/18/2022,5.6,5.61,5.63,5.57,9.38M,-0.53%
2/17/2022,5.63,5.69,5.69,5.61,9.74M,-0.35%
2/16/2022,5.65,5.67,5.69,5.59,17.08M,0.00%
2/15/2022,5.65,5.61,5.68,5.59,15.21M,0.71%
2/14/2022,5.61,5.53,5.64,5.52,12.70M,1.08%
2/11/2022,5.55,5.54,5.58,5.48,12.71M,0.18%
2/10/2022,5.54,5.38,5.55,5.36,20.95M,2.59%
2/9/2022,5.4,5.25,5.5,5.22,17.34M,3.05%
2/8/2022,5.24,5.26,5.27,5.24,6.31M,-0.38%
2/7/2022,5.26,5.23,5.29,5.23,10.00M,0.00%
2/4/2022,5.26,5.29,5.29,5.23,6.86M,-0.19%
2/3/2022,5.27,5.18,5.28,5.18,7.22M,1.35%
1/31/2022,5.2,5.27,5.3,5.2,5.57M,-1.52%
1/28/2022,5.28,5.26,5.31,5.25,8.84M,0.57%
1/27/2022,5.25,5.24,5.29,5.22,7.83M,-0.19%
1/26/2022,5.26,5.25,5.3,5.25,10.18M,0.19%
1/25/2022,5.25,5.23,5.27,5.2,16.94M,0.00%
1/24/2022,5.25,5.25,5.3,5.22,12.09M,-0.94%
1/21/2022,5.3,5.24,5.32,5.23,4.71M,0.95%
1/20/2022,5.25,5.31,5.31,5.19,19.18M,-1.50%
1/19/2022,5.33,5.5,5.5,5.28,19.22M,-3.27%
1/17/2022,5.51,5.54,5.56,5.5,6.48M,-0.54%
1/14/2022,5.54,5.57,5.59,5.52,6.10M,-0.89%
1/13/2022,5.59,5.54,5.59,5.52,15.46M,0.54%
1/12/2022,5.56,5.62,5.65,5.54,7.66M,-1.07%
1/11/2022,5.62,5.65,5.66,5.58,21.99M,-0.88%
1/10/2022,5.67,5.45,5.67,5.45,20.49M,3.85%
1/7/2022,5.46,5.43,5.47,5.43,9.17M,0.55%
1/6/2022,5.43,5.47,5.49,5.39,7.60M,-0.73%
1/5/2022,5.47,5.42,5.48,5.42,5.98M,0.92%
1/4/2022,5.42,5.46,5.49,5.39,5.02M,-1.28%
1/3/2022,5.49,5.4,5.5,5.4,2.74M,0.73%
12/31/2021,5.45,5.4,5.45,5.37,6.35M,0.74%
12/30/2021,5.41,5.44,5.45,5.37,5.01M,-0.37%
12/29/2021,5.43,5.4,5.43,5.37,4.18M,0.18%
12/28/2021,5.42,5.39,5.44,5.38,6.39M,0.56%
12/27/2021,5.39,5.36,5.4,5.35,3.84M,0.56%
12/24/2021,5.36,5.35,5.36,5.34,1.08M,0.00%
12/23/2021,5.36,5.35,5.38,5.33,5.08M,-0.37%
12/22/2021,5.38,5.33,5.38,5.3,7.37M,0.94%
12/21/2021,5.33,5.29,5.34,5.26,7.18M,0.76%
12/20/2021,5.29,5.26,5.29,5.24,5.67M,-0.56%
12/17/2021,5.32,5.22,5.32,5.19,21.91M,1.72%
12/16/2021,5.23,5.17,5.27,5.17,8.80M,1.36%
12/15/2021,5.16,5.13,5.17,5.11,6.06M,0.39%
12/14/2021,5.14,5.23,5.26,5.13,9.82M,-1.91%
12/13/2021,5.24,5.18,5.32,5.18,9.92M,1.16%
12/10/2021,5.18,5.22,5.25,5.16,7.20M,-1.15%
12/9/2021,5.24,5.28,5.28,5.1,6.62M,-0.76%
12/8/2021,5.28,5.3,5.31,5.25,8.51M,-0.38%
12/7/2021,5.3,5.22,5.3,5.22,12.13M,1.15%
12/6/2021,5.24,5.18,5.29,5.15,13.63M,1.55%
12/2/2021,5.16,5.01,5.16,5.01,18.71M,2.58%
12/1/2021,5.03,5.05,5.09,4.98,21.59M,-2.90%
11/30/2021,5.18,5.08,5.18,5.08,31.05M,1.37%
11/29/2021,5.11,5,5.11,4.95,21.72M,0.20%
11/26/2021,5.1,5.17,5.17,5.09,14.57M,-1.35%
11/25/2021,5.17,5.19,5.2,5.17,7.44M,-0.39%
11/24/2021,5.19,5.2,5.21,5.18,6.85M,0.00%
11/23/2021,5.19,5.18,5.22,5.16,13.92M,0.58%
11/22/2021,5.16,5.12,5.2,5.08,12.55M,1.18%
11/19/2021,5.1,5.09,5.14,5.05,5.24M,0.39%
11/18/2021,5.08,5.1,5.1,5.07,7.47M,0.20%
11/17/2021,5.07,5.02,5.07,5.01,8.40M,1.00%
11/16/2021,5.02,5.01,5.03,5,5.86M,0.20%
11/15/2021,5.01,5.04,5.07,4.99,9.27M,-0.60%
11/12/2021,5.04,5.03,5.07,5.01,3.72M,0.60%
11/11/2021,5.01,4.99,5.04,4.99,10.25M,0.20%
11/10/2021,5,5.02,5.02,4.97,22.06M,-0.40%
11/9/2021,5.02,5.07,5.08,4.99,17.74M,-0.99%
11/8/2021,5.07,5.1,5.13,5.05,8.61M,0.00%
11/5/2021,5.07,5.05,5.1,5.02,7.94M,0.00%
11/3/2021,5.07,5.1,5.12,5.06,8.52M,-0.39%
11/2/2021,5.09,5.04,5.1,5.04,18.86M,0.99%
11/1/2021,5.04,5.18,5.18,4.97,37.68M,-3.45%
10/29/2021,5.22,5.26,5.28,5.17,18.43M,-0.57%
10/28/2021,5.25,5.26,5.33,5.21,10.40M,-0.57%
10/27/2021,5.28,5.27,5.37,5.26,19.43M,0.57%
10/26/2021,5.25,5.24,5.27,5.23,10.07M,0.19%
10/25/2021,5.24,5.24,5.28,5.21,4.07M,0.19%
10/22/2021,5.23,5.33,5.33,5.2,11.10M,-1.88%
10/21/2021,5.33,5.4,5.4,5.3,14.95M,-1.48%
10/20/2021,5.41,5.36,5.41,5.29,16.38M,2.08%
10/18/2021,5.3,5.17,5.32,5.14,19.20M,2.91%
10/15/2021,5.15,5.13,5.16,5.13,6.65M,0.59%
10/14/2021,5.12,5.19,5.19,5.06,13.70M,-1.54%
10/13/2021,5.2,5.11,5.2,5.08,14.89M,1.76%
10/12/2021,5.11,5,5.14,4.96,21.16M,2.20%
10/11/2021,5,4.91,5.03,4.91,23.93M,2.04%
10/8/2021,4.9,4.87,4.93,4.86,7.72M,0.82%
10/7/2021,4.86,4.82,4.88,4.79,8.19M,0.83%
10/6/2021,4.82,4.72,4.82,4.72,14.84M,2.12%
10/5/2021,4.72,4.69,4.73,4.65,5.87M,0.43%
10/4/2021,4.7,4.72,4.74,4.66,9.68M,0.00%
10/1/2021,4.7,4.79,4.79,4.66,12.34M,-1.67%
9/30/2021,4.78,4.8,4.8,4.71,13.22M,-0.62%
9/29/2021,4.81,4.77,4.81,4.71,9.19M,1.48%
9/28/2021,4.74,4.72,4.76,4.65,8.51M,-1.46%
9/27/2021,4.81,4.83,4.84,4.8,9.14M,0.00%
9/24/2021,4.81,4.87,4.87,4.8,6.35M,-1.23%
9/23/2021,4.87,4.82,4.87,4.8,9.01M,1.46%
9/22/2021,4.8,4.78,4.82,4.75,3.79M,0.42%
9/21/2021,4.78,4.78,4.81,4.74,7.14M,-0.42%
9/20/2021,4.8,4.82,4.83,4.78,6.42M,-0.41%
9/17/2021,4.82,4.86,4.86,4.8,15.06M,0.42%
9/15/2021,4.8,4.77,4.83,4.76,24.75M,0.42%
9/14/2021,4.78,4.84,4.86,4.74,17.70M,-1.24%
9/13/2021,4.84,4.84,4.85,4.8,5.67M,-0.21%
9/10/2021,4.85,4.84,4.92,4.81,7.44M,0.41%
9/9/2021,4.83,4.95,4.95,4.78,18.08M,-2.23%
9/8/2021,4.94,4.91,4.97,4.91,9.36M,0.61%
9/7/2021,4.91,4.95,4.96,4.9,4.93M,-1.01%
9/6/2021,4.96,4.96,4.97,4.93,5.15M,0.00%
9/3/2021,4.96,4.93,4.97,4.91,10.24M,1.02%
9/2/2021,4.91,4.88,4.93,4.87,8.52M,0.41%
9/1/2021,4.89,4.99,4.99,4.88,13.38M,-0.41%
8/30/2021,4.91,4.9,4.94,4.85,16.73M,0.41%
8/27/2021,4.89,4.87,4.93,4.85,9.85M,-0.41%
8/26/2021,4.91,4.86,4.91,4.83,12.43M,1.03%
8/25/2021,4.86,4.83,4.88,4.82,12.69M,0.62%
8/24/2021,4.83,4.68,4.83,4.68,26.75M,3.21%
8/23/2021,4.68,4.65,4.69,4.64,7.70M,0.86%
8/20/2021,4.64,4.6,4.68,4.6,8.67M,0.87%
8/19/2021,4.6,4.6,4.62,4.58,1.80M,-0.22%
8/18/2021,4.61,4.6,4.63,4.58,10.42M,0.22%
8/17/2021,4.6,4.58,4.65,4.54,9.19M,2.00%
8/16/2021,4.51,4.58,4.6,4.5,15.12M,-1.96%
8/13/2021,4.6,4.59,4.6,4.56,3.41M,0.00%
8/12/2021,4.6,4.62,4.63,4.55,7.25M,0.44%
8/11/2021,4.58,4.52,4.75,4.52,16.68M,1.33%
8/9/2021,4.52,4.54,4.56,4.51,4.84M,-0.66%
8/6/2021,4.55,4.51,4.57,4.5,4.30M,0.00%
8/5/2021,4.55,4.51,4.57,4.51,5.79M,0.89%
8/4/2021,4.51,4.5,4.54,4.48,6.06M,-0.66%
8/3/2021,4.54,4.48,4.55,4.48,7.63M,1.57%
8/2/2021,4.47,4.45,4.47,4.44,8.26M,0.45%
7/30/2021,4.45,4.53,4.53,4.43,19.50M,-2.20%
7/29/2021,4.55,4.51,4.59,4.48,11.15M,0.89%
7/28/2021,4.51,4.51,4.54,4.48,5.13M,-0.44%
7/27/2021,4.53,4.5,4.57,4.49,8.01M,0.89%
7/26/2021,4.49,4.49,4.52,4.45,5.23M,-0.44%
7/23/2021,4.51,4.54,4.55,4.49,2.03M,-0.88%
7/22/2021,4.55,4.48,4.55,4.48,6.21M,1.56%
7/21/2021,4.48,4.58,4.58,4.46,6.97M,-1.75%
7/19/2021,4.56,4.52,4.59,4.5,10.25M,0.66%
7/16/2021,4.53,4.53,4.55,4.49,4.31M,-0.22%
7/15/2021,4.54,4.53,4.56,4.5,6.38M,0.22%
7/14/2021,4.53,4.5,4.54,4.46,9.98M,0.67%
7/13/2021,4.5,4.5,4.52,4.48,8.64M,-0.22%
7/12/2021,4.51,4.5,4.52,4.45,3.90M,0.45%
7/9/2021,4.49,4.42,4.51,4.41,12.69M,1.35%
7/8/2021,4.43,4.56,4.58,4.38,32.77M,-3.70%
7/7/2021,4.6,4.59,4.6,4.56,5.67M,0.22%
7/6/2021,4.59,4.6,4.63,4.58,9.17M,-0.43%
7/5/2021,4.61,4.61,4.64,4.6,4.29M,-0.65%
7/2/2021,4.64,4.63,4.65,4.62,9.71M,0.00%
7/1/2021,4.64,4.6,4.67,4.6,9.31M,0.65%
6/30/2021,4.61,4.59,4.66,4.59,10.07M,0.00%
6/29/2021,4.61,4.55,4.63,4.55,10.60M,0.00%
6/28/2021,4.61,4.65,4.66,4.58,13.23M,-1.71%
6/25/2021,4.69,4.69,4.75,4.65,16.73M,-0.21%
6/24/2021,4.7,4.59,4.71,4.58,23.85M,2.17%
6/23/2021,4.6,4.6,4.62,4.58,13.39M,0.00%
6/22/2021,4.6,4.58,4.62,4.57,7.77M,0.22%
6/21/2021,4.59,4.58,4.6,4.55,6.43M,-0.22%
6/18/2021,4.6,4.6,4.62,4.56,24.88M,-0.65%
6/17/2021,4.63,4.64,4.64,4.59,9.48M,0.00%
6/16/2021,4.63,4.62,4.68,4.6,11.14M,0.22%
6/15/2021,4.62,4.59,4.64,4.59,29.04M,0.65%
6/14/2021,4.59,4.57,4.62,4.53,9.40M,0.22%
6/11/2021,4.58,4.62,4.62,4.56,7.33M,-0.87%
6/10/2021,4.62,4.65,4.65,4.6,15.45M,-0.65%
6/9/2021,4.65,4.6,4.67,4.6,14.99M,1.09%
6/8/2021,4.6,4.47,4.67,4.46,30.59M,3.37%
6/4/2021,4.45,4.48,4.48,4.44,8.45M,-0.67%
6/3/2021,4.48,4.54,4.54,4.46,9.07M,-1.32%
6/2/2021,4.54,4.46,4.56,4.45,22.49M,2.02%
6/1/2021,4.45,4.37,4.48,4.36,23.01M,3.97%
5/31/2021,4.28,4.21,4.3,4.21,7.49M,-1.61%
5/28/2021,4.35,4.25,4.39,4.23,15.16M,3.08%
5/27/2021,4.22,4.21,4.27,4.17,43.74M,0.24%
5/25/2021,4.21,4.18,4.23,4.17,7.80M,0.24%
5/24/2021,4.2,4.15,4.2,4.13,11.82M,0.96%
5/21/2021,4.16,4.2,4.24,4.13,13.62M,-2.12%
5/20/2021,4.25,4.19,4.25,4.18,9.92M,1.19%
5/19/2021,4.2,4.28,4.29,4.2,12.84M,-2.10%
5/18/2021,4.29,4.25,4.3,4.22,10.38M,0.94%
5/17/2021,4.25,4.15,4.25,4.15,10.14M,1.67%
5/12/2021,4.18,4.1,4.18,4.09,8.82M,1.95%
5/11/2021,4.1,4.09,4.1,4.01,5.95M,-0.73%
5/10/2021,4.13,4.16,4.16,4.12,6.46M,-0.72%
5/7/2021,4.16,4.11,4.19,4.07,4.76M,1.22%
5/6/2021,4.11,4.06,4.13,4.02,5.71M,1.23%
5/5/2021,4.06,4.12,4.14,4.05,7.42M,-1.22%
5/4/2021,4.11,4.13,4.15,4.11,3.69M,-0.48%
5/3/2021,4.13,4.11,4.14,4.08,5.20M,-0.24%
4/30/2021,4.14,4.2,4.22,4.14,9.55M,-1.19%
4/28/2021,4.19,4.13,4.19,4.12,5.98M,1.45%
4/27/2021,4.13,4.17,4.17,4.1,10.05M,-0.96%
4/26/2021,4.17,4.19,4.21,4.13,15.60M,-0.48%
4/23/2021,4.19,4.24,4.24,4.18,6.81M,-1.18%
4/22/2021,4.24,4.23,4.26,4.2,5.00M,0.47%
4/21/2021,4.22,4.27,4.27,4.22,5.67M,-1.63%
4/20/2021,4.29,4.24,4.32,4.23,7.56M,1.18%
4/19/2021,4.24,4.29,4.29,4.23,5.31M,-1.17%
4/16/2021,4.29,4.3,4.33,4.27,6.13M,-0.23%
4/15/2021,4.3,4.28,4.3,4.25,4.08M,0.47%
4/14/2021,4.28,4.24,4.28,4.22,4.94M,1.18%
4/13/2021,4.23,4.26,4.29,4.22,6.38M,-0.47%
4/12/2021,4.25,4.29,4.32,4.23,10.12M,-0.93%
4/9/2021,4.29,4.27,4.33,4.27,6.15M,0.47%
4/8/2021,4.27,4.35,4.36,4.26,9.73M,-1.84%
4/7/2021,4.35,4.32,4.37,4.3,9.42M,1.16%
4/6/2021,4.3,4.37,4.38,4.28,9.97M,-1.15%
4/5/2021,4.35,4.36,4.4,4.35,4.33M,-1.36%
4/2/2021,4.41,4.38,4.42,4.34,4.83M,1.15%
4/1/2021,4.36,4.34,4.39,4.32,5.54M,0.46%
3/31/2021,4.34,4.46,4.47,4.31,19.28M,-2.69%
3/30/2021,4.46,4.44,4.49,4.41,7.94M,0.45%
3/29/2021,4.44,4.44,4.45,4.38,9.10M,0.00%
3/26/2021,4.44,4.46,4.47,4.41,8.57M,-0.45%
3/25/2021,4.46,4.5,4.5,4.42,6.66M,-0.89%
3/24/2021,4.5,4.4,4.5,4.35,9.42M,0.45%
3/23/2021,4.48,4.53,4.53,4.46,7.27M,-0.44%
3/22/2021,4.5,4.55,4.57,4.5,7.14M,-1.75%
3/19/2021,4.58,4.56,4.58,4.5,15.09M,0.66%
3/18/2021,4.55,4.54,4.57,4.5,10.42M,0.89%
3/17/2021,4.51,4.55,4.55,4.46,6.10M,-0.22%
3/16/2021,4.52,4.57,4.58,4.51,8.57M,-0.22%
3/15/2021,4.53,4.5,4.59,4.5,12.41M,1.34%
3/12/2021,4.47,4.59,4.59,4.46,15.24M,-2.83%
3/11/2021,4.6,4.63,4.64,4.55,9.35M,-0.86%
3/10/2021,4.64,4.65,4.67,4.62,10.96M,-0.22%
3/9/2021,4.65,4.59,4.65,4.51,17.22M,1.53%
3/8/2021,4.58,4.51,4.62,4.51,20.16M,2.00%
3/5/2021,4.49,4.37,4.5,4.33,19.27M,2.75%
3/4/2021,4.37,4.29,4.4,4.26,20.18M,1.86%
3/3/2021,4.29,4.27,4.31,4.24,11.03M,0.23%
3/2/2021,4.28,4.24,4.31,4.24,11.66M,1.42%
3/1/2021,4.22,4.25,4.33,4.2,21.19M,-2.54%
2/26/2021,4.33,4.29,4.33,4.22,26.96M,0.00%
2/25/2021,4.33,4.23,4.38,4.23,21.15M,2.85%
2/24/2021,4.21,4.2,4.27,4.2,19.41M,0.48%
2/23/2021,4.19,4.18,4.22,4.18,9.54M,0.72%
2/22/2021,4.16,4.25,4.25,4.16,8.61M,-2.12%
2/19/2021,4.25,4.13,4.25,4.08,9.28M,2.91%
2/18/2021,4.13,4.25,4.28,4.13,11.47M,-3.05%
2/17/2021,4.26,4.28,4.28,4.2,8.07M,-0.47%
2/16/2021,4.28,4.22,4.29,4.17,7.15M,1.42%
2/15/2021,4.22,4.19,4.27,4.19,10.74M,0.72%
2/11/2021,4.19,4.18,4.2,4.12,8.72M,0.00%
2/10/2021,4.19,4.08,4.19,4.06,12.50M,3.20%
2/9/2021,4.06,3.95,4.07,3.95,11.63M,2.78%
2/8/2021,3.95,3.91,3.96,3.9,6.33M,1.54%
2/5/2021,3.89,3.94,3.98,3.87,12.04M,-1.52%
2/4/2021,3.95,3.92,3.95,3.88,6.88M,1.28%
2/3/2021,3.9,3.88,3.98,3.84,16.42M,1.04%
2/2/2021,3.86,3.86,3.92,3.81,8.46M,0.52%
1/29/2021,3.84,3.92,3.96,3.8,19.94M,-2.54%
1/27/2021,3.94,3.88,3.98,3.88,18.50M,1.81%
1/26/2021,3.87,3.89,3.93,3.85,13.13M,0.78%
1/25/2021,3.84,3.93,3.93,3.82,16.35M,-3.52%
1/22/2021,3.98,4,4.01,3.97,9.61M,-0.50%
1/21/2021,4,4.06,4.08,3.98,11.38M,-0.99%
1/20/2021,4.04,4,4.1,3.98,24.34M,1.00%
1/19/2021,4,4,4.04,3.98,11.77M,0.00%
1/18/2021,4,4.06,4.07,3.98,13.58M,-2.44%
1/15/2021,4.1,4.14,4.14,4.06,12.08M,-0.97%
1/14/2021,4.14,4.09,4.2,4.08,20.75M,1.72%
1/13/2021,4.07,3.9,4.07,3.9,26.87M,3.83%
1/12/2021,3.92,3.98,4.02,3.82,39.33M,-2.97%
1/11/2021,4.04,4.04,4.07,3.97,15.79M,-1.70%
1/8/2021,4.11,4.12,4.13,4,21.43M,-0.72%
1/7/2021,4.14,4.16,4.16,3.96,30.99M,-0.48%
1/6/2021,4.16,4.29,4.29,4.11,14.24M,-3.26%
1/5/2021,4.3,4.25,4.3,4.22,9.08M,0.47%
1/4/2021,4.28,4.28,4.33,4.15,7.16M,-0.47%
12/31/2020,4.3,4.38,4.38,4.27,14.38M,-1.83%
12/30/2020,4.38,4.35,4.38,4.3,7.87M,0.69%
12/29/2020,4.35,4.34,4.36,4.27,7.08M,1.16%
12/28/2020,4.3,4.21,4.38,4.2,8.44M,2.63%
12/24/2020,4.19,4.23,4.28,4.18,6.04M,-0.48%
12/23/2020,4.21,4.1,4.27,4.05,17.59M,2.18%
12/22/2020,4.12,4.3,4.3,4.1,19.32M,-4.19%
12/21/2020,4.3,4.36,4.4,4.26,10.61M,-1.83%
12/18/2020,4.38,4.4,4.44,4.24,23.80M,-0.45%
12/17/2020,4.4,4.53,4.55,4.36,19.63M,-2.22%
12/16/2020,4.5,4.6,4.66,4.46,17.65M,0.00%
12/15/2020,4.5,4.44,4.64,4.36,31.24M,0.45%
12/14/2020,4.48,4.48,4.75,4.4,52.80M,0.67%
12/11/2020,4.45,4.29,4.48,4.26,57.00M,3.97%
12/10/2020,4.28,4.05,4.31,4.01,43.04M,5.68%
12/9/2020,4.05,3.93,4.06,3.88,27.63M,3.05%
12/8/2020,3.93,3.94,3.96,3.9,14.29M,-0.25%
12/7/2020,3.94,3.9,3.96,3.85,16.88M,1.03%
12/4/2020,3.9,3.84,3.95,3.8,25.61M,1.56%
12/3/2020,3.84,3.79,3.84,3.74,18.15M,1.32%
12/2/2020,3.79,3.76,3.81,3.72,17.98M,1.07%
12/1/2020,3.75,3.66,3.78,3.65,20.54M,3.31%
11/30/2020,3.63,3.68,3.75,3.63,56.23M,-5.22%
11/27/2020,3.83,3.82,3.89,3.76,20.22M,0.52%
11/26/2020,3.81,3.77,3.84,3.73,14.24M,0.79%
11/25/2020,3.78,3.69,3.79,3.67,25.31M,3.85%
11/24/2020,3.64,3.64,3.71,3.63,13.55M,0.00%
11/23/2020,3.64,3.64,3.66,3.59,11.84M,0.00%
11/20/2020,3.64,3.64,3.69,3.55,19.28M,0.00%
11/19/2020,3.64,3.68,3.7,3.62,15.79M,-2.15%
11/18/2020,3.72,3.79,3.79,3.66,31.03M,-2.11%
11/17/2020,3.8,3.84,3.96,3.77,59.74M,0.80%
11/16/2020,3.77,3.46,3.8,3.43,60.48M,9.59%
11/13/2020,3.44,3.39,3.46,3.34,18.49M,1.47%
11/12/2020,3.39,3.29,3.4,3.26,26.61M,2.73%
11/11/2020,3.3,3.37,3.37,3.23,25.30M,-2.37%
11/10/2020,3.38,3.13,3.39,3.12,66.06M,10.46%
11/9/2020,3.06,3.1,3.1,3.03,8.62M,-1.29%
11/6/2020,3.1,3.07,3.1,3.05,9.45M,1.31%
11/5/2020,3.06,2.99,3.06,2.99,8.31M,3.03%
11/4/2020,2.97,2.96,3,2.96,4.09M,0.68%
11/3/2020,2.95,2.91,2.99,2.91,11.51M,1.72%
11/2/2020,2.9,2.95,2.96,2.9,11.97M,-1.69%
10/30/2020,2.95,3,3.01,2.95,23.55M,-1.67%
10/28/2020,3,3.04,3.04,3,14.92M,-1.32%
10/27/2020,3.04,3.04,3.05,3.03,8.92M,0.00%
10/26/2020,3.04,3.05,3.06,3.03,4.83M,-0.33%
10/23/2020,3.05,3.04,3.07,3.03,12.18M,0.66%
10/22/2020,3.03,3.04,3.05,3.03,14.73M,0.00%
10/21/2020,3.03,3.05,3.07,3.03,10.32M,-0.33%
10/20/2020,3.04,3.06,3.06,3.03,12.83M,-0.65%
10/19/2020,3.06,3.05,3.07,3.04,6.86M,0.33%
10/16/2020,3.05,3.05,3.07,3.04,9.85M,0.00%
10/15/2020,3.05,3.05,3.09,3.05,8.83M,0.00%
10/14/2020,3.05,3.08,3.1,3.05,14.03M,-1.93%
10/13/2020,3.11,3.1,3.13,3.08,5.74M,0.32%
10/12/2020,3.1,3.15,3.15,3.08,8.13M,-1.90%
10/9/2020,3.16,3.11,3.16,3.07,6.60M,1.61%
10/8/2020,3.11,3.04,3.11,3.04,5.66M,2.64%
10/7/2020,3.03,3.07,3.07,3.03,10.07M,-0.66%
10/6/2020,3.05,3.07,3.1,3.05,10.69M,-0.33%
10/5/2020,3.06,3.06,3.08,3.05,8.75M,0.00%
10/2/2020,3.06,3.08,3.09,3.06,4.99M,-0.65%
10/1/2020,3.08,3.1,3.1,3.07,5.90M,0.00%
9/30/2020,3.08,3.1,3.14,3.08,11.66M,-0.32%
9/29/2020,3.09,3.09,3.17,3.08,14.51M,0.65%
9/28/2020,3.07,3.08,3.1,3.07,5.47M,0.33%
9/25/2020,3.06,3.07,3.1,3.05,9.93M,0.33%
9/24/2020,3.05,3.1,3.11,3.05,19.30M,-1.61%
9/23/2020,3.1,3.15,3.16,3.1,10.09M,-0.64%
9/22/2020,3.12,3.12,3.15,3.11,12.98M,0.00%
9/21/2020,3.12,3.18,3.2,3.12,11.21M,-1.27%
9/18/2020,3.16,3.18,3.2,3.16,19.35M,-0.63%
9/17/2020,3.18,3.24,3.25,3.14,20.40M,-1.55%
9/15/2020,3.23,3.16,3.25,3.15,13.09M,2.54%
9/14/2020,3.15,3.18,3.18,3.14,12.05M,-0.63%
9/11/2020,3.17,3.18,3.19,3.15,12.58M,-0.31%
9/10/2020,3.18,3.22,3.23,3.16,22.03M,-0.62%
9/9/2020,3.2,3.22,3.22,3.19,14.23M,-0.93%
9/8/2020,3.23,3.25,3.26,3.2,12.64M,-0.31%
9/7/2020,3.24,3.26,3.28,3.22,6.74M,-0.61%
9/4/2020,3.26,3.22,3.26,3.22,8.27M,0.31%
9/3/2020,3.25,3.31,3.32,3.23,11.40M,-0.91%
9/2/2020,3.28,3.22,3.28,3.22,13.13M,2.50%
9/1/2020,3.2,3.3,3.32,3.2,27.95M,-3.03%
8/28/2020,3.3,3.37,3.38,3.3,31.75M,-2.08%
8/27/2020,3.37,3.38,3.43,3.36,11.67M,0.00%
8/26/2020,3.37,3.4,3.41,3.36,15.52M,-0.59%
8/25/2020,3.39,3.4,3.42,3.39,15.95M,-0.29%
8/24/2020,3.4,3.45,3.45,3.4,15.01M,-0.87%
8/21/2020,3.43,3.46,3.48,3.43,9.62M,-0.87%
8/19/2020,3.46,3.5,3.53,3.46,9.92M,-1.14%
8/18/2020,3.5,3.57,3.6,3.48,10.24M,-1.96%
8/17/2020,3.57,3.56,3.59,3.53,5.67M,0.56%
8/14/2020,3.55,3.61,3.62,3.53,9.49M,-1.39%
8/13/2020,3.6,3.56,3.65,3.56,12.94M,1.69%
8/12/2020,3.54,3.44,3.56,3.42,11.41M,2.91%
8/11/2020,3.44,3.44,3.45,3.42,6.04M,-0.29%
8/10/2020,3.45,3.43,3.45,3.42,4.15M,0.29%
8/7/2020,3.44,3.45,3.48,3.42,6.67M,-0.29%
8/6/2020,3.45,3.43,3.45,3.41,9.05M,0.58%
8/5/2020,3.43,3.47,3.47,3.42,8.56M,-0.87%
8/4/2020,3.46,3.46,3.5,3.45,9.50M,0.00%
8/3/2020,3.46,3.5,3.53,3.45,15.79M,-3.62%
7/30/2020,3.59,3.58,3.59,3.51,13.72M,-0.28%
7/29/2020,3.6,3.58,3.6,3.51,9.96M,0.28%
7/28/2020,3.59,3.59,3.59,3.55,8.84M,0.56%
7/27/2020,3.57,3.58,3.61,3.56,2.56M,0.00%
7/24/2020,3.57,3.62,3.65,3.56,5.44M,-2.46%
7/23/2020,3.66,3.57,3.66,3.56,7.73M,3.10%
7/22/2020,3.55,3.61,3.64,3.55,7.24M,-1.11%
7/21/2020,3.59,3.55,3.6,3.54,8.62M,1.70%
7/20/2020,3.53,3.6,3.61,3.53,10.34M,-2.22%
7/17/2020,3.61,3.62,3.66,3.61,11.14M,-1.63%
7/16/2020,3.67,3.68,3.7,3.66,3.14M,0.00%
7/15/2020,3.67,3.73,3.74,3.67,9.21M,-1.08%
7/14/2020,3.71,3.8,3.8,3.7,7.79M,-2.37%
7/13/2020,3.8,3.81,3.84,3.76,6.47M,-0.26%
7/10/2020,3.81,3.74,3.81,3.72,10.08M,1.33%
7/9/2020,3.76,3.79,3.88,3.75,17.70M,-1.05%
7/8/2020,3.8,3.7,3.8,3.68,12.07M,2.70%
7/7/2020,3.7,3.71,3.73,3.68,11.36M,0.00%
7/6/2020,3.7,3.7,3.73,3.67,4.63M,0.00%
7/3/2020,3.7,3.71,3.74,3.66,6.23M,0.27%
7/2/2020,3.69,3.62,3.69,3.6,7.84M,2.22%
7/1/2020,3.61,3.56,3.62,3.54,6.14M,1.40%
6/30/2020,3.56,3.54,3.57,3.53,12.52M,0.85%
6/29/2020,3.53,3.58,3.58,3.5,9.27M,-1.40%
6/26/2020,3.58,3.59,3.59,3.56,7.55M,0.28%
6/25/2020,3.57,3.6,3.62,3.57,6.36M,-1.38%
6/24/2020,3.62,3.64,3.65,3.61,13.46M,-0.55%
6/23/2020,3.64,3.7,3.71,3.62,7.37M,-1.36%
6/22/2020,3.69,3.68,3.69,3.66,7.05M,0.27%
6/19/2020,3.68,3.7,3.76,3.68,15.87M,-0.54%
6/18/2020,3.7,3.75,3.75,3.67,10.13M,-1.33%
6/17/2020,3.75,3.76,3.79,3.71,8.53M,0.54%
6/16/2020,3.73,3.69,3.76,3.69,13.01M,2.75%
6/15/2020,3.63,3.79,3.79,3.58,32.37M,-4.72%
6/12/2020,3.81,3.78,3.83,3.72,23.27M,-3.54%
6/11/2020,3.95,4.04,4.06,3.88,19.48M,-2.47%
6/10/2020,4.05,4.05,4.08,4,16.01M,0.25%
6/9/2020,4.04,4.01,4.12,4.01,31.18M,2.02%
6/5/2020,3.96,3.95,4,3.85,18.44M,0.00%
6/4/2020,3.96,3.9,3.97,3.85,41.45M,3.13%
6/3/2020,3.84,3.69,3.92,3.68,52.84M,4.35%
6/2/2020,3.68,3.64,3.71,3.62,17.82M,1.10%
6/1/2020,3.64,3.71,3.72,3.61,22.98M,-3.45%
5/29/2020,3.77,3.52,3.77,3.5,152.25M,7.41%
5/28/2020,3.51,3.45,3.51,3.44,23.12M,2.63%
5/27/2020,3.42,3.46,3.46,3.4,23.98M,-1.44%
5/22/2020,3.47,3.55,3.56,3.46,17.14M,-2.53%
5/21/2020,3.56,3.48,3.57,3.47,15.31M,2.30%
5/20/2020,3.48,3.48,3.48,3.46,14.22M,0.00%
5/19/2020,3.48,3.48,3.52,3.46,17.85M,0.58%
5/18/2020,3.46,3.47,3.48,3.45,8.47M,0.00%
5/15/2020,3.46,3.43,3.47,3.42,14.71M,1.47%
5/14/2020,3.41,3.49,3.49,3.4,22.38M,-2.57%
5/13/2020,3.5,3.43,3.52,3.4,28.89M,2.64%
5/12/2020,3.41,3.45,3.45,3.4,14.16M,-0.87%
5/8/2020,3.44,3.41,3.46,3.41,14.38M,0.88%
5/6/2020,3.41,3.44,3.45,3.41,14.95M,-0.58%
5/5/2020,3.43,3.41,3.47,3.39,19.96M,0.59%
5/4/2020,3.41,3.44,3.44,3.38,16.14M,-1.16%
4/30/2020,3.45,3.38,3.45,3.38,29.87M,2.37%
4/29/2020,3.37,3.41,3.42,3.36,29.29M,-1.17%
4/28/2020,3.41,3.53,3.54,3.39,36.43M,-3.12%
4/27/2020,3.52,3.51,3.53,3.5,5.57M,0.57%
4/24/2020,3.5,3.51,3.54,3.48,12.71M,0.29%
4/23/2020,3.49,3.53,3.57,3.49,23.14M,0.00%
4/22/2020,3.49,3.55,3.55,3.47,44.74M,-3.32%
4/21/2020,3.61,3.74,3.74,3.6,28.83M,-4.24%
4/20/2020,3.77,3.68,3.83,3.68,23.33M,3.86%
4/17/2020,3.63,3.59,3.65,3.59,18.09M,2.25%
4/16/2020,3.55,3.55,3.62,3.55,14.56M,-0.28%
4/15/2020,3.56,3.59,3.65,3.56,21.85M,-0.28%
4/14/2020,3.57,3.51,3.58,3.5,14.14M,2.00%
4/13/2020,3.5,3.52,3.53,3.49,5.81M,-0.57%
4/10/2020,3.52,3.54,3.54,3.5,9.07M,-0.56%
4/9/2020,3.54,3.54,3.57,3.52,15.03M,0.57%
4/8/2020,3.52,3.53,3.55,3.5,15.14M,-1.12%
4/7/2020,3.56,3.56,3.6,3.53,17.92M,1.71%
4/6/2020,3.5,3.5,3.53,3.46,20.80M,0.00%
4/3/2020,3.5,3.53,3.54,3.48,15.14M,-0.57%
4/2/2020,3.52,3.52,3.55,3.48,14.29M,-0.28%
4/1/2020,3.53,3.59,3.64,3.46,15.93M,-1.94%
3/31/2020,3.6,3.55,3.65,3.55,21.89M,2.56%
3/30/2020,3.51,3.54,3.54,3.45,9.84M,-1.68%
3/27/2020,3.57,3.56,3.63,3.55,23.91M,2.00%
3/26/2020,3.5,3.52,3.6,3.44,16.92M,-0.57%
3/25/2020,3.52,3.54,3.7,3.38,30.25M,2.33%
3/24/2020,3.44,3.4,3.47,3.37,16.79M,4.56%
3/23/2020,3.29,3.38,3.42,3.25,30.11M,-9.62%
3/20/2020,3.64,3.2,3.64,3.19,43.78M,15.92%
3/19/2020,3.14,3.35,3.49,3.09,36.50M,-6.27%
3/18/2020,3.35,3.49,3.58,3.3,28.42M,-4.01%
3/17/2020,3.49,3.3,3.69,3.13,61.15M,-3.06%
3/16/2020,3.6,3.84,3.84,3.6,34.28M,-10.22%
3/13/2020,4.01,4.15,4.16,3.95,50.32M,-6.09%
3/12/2020,4.27,4.35,4.36,4.26,18.84M,-2.73%
3/11/2020,4.39,4.4,4.52,4.38,20.49M,0.92%
3/10/2020,4.35,4.2,4.41,4.2,37.00M,3.57%
3/9/2020,4.2,4.4,4.4,4.2,25.24M,-5.41%
3/6/2020,4.44,4.48,4.49,4.41,18.58M,-1.33%
3/5/2020,4.5,4.55,4.6,4.5,23.51M,-0.88%
3/4/2020,4.54,4.5,4.61,4.49,25.96M,0.89%
3/3/2020,4.5,4.67,4.67,4.43,36.35M,-2.17%
3/2/2020,4.6,4.7,4.75,4.59,34.21M,-4.56%
2/28/2020,4.82,4.84,4.86,4.72,28.49M,-0.82%
2/27/2020,4.86,4.92,4.92,4.8,18.56M,-1.02%
2/26/2020,4.91,4.85,4.97,4.84,18.62M,0.20%
2/25/2020,4.9,4.83,4.93,4.81,13.37M,0.82%
2/24/2020,4.86,4.9,4.93,4.81,29.12M,-2.80%
2/21/2020,5,4.96,5,4.94,7.42M,0.40%
2/20/2020,4.98,4.94,4.99,4.94,7.88M,0.61%
2/19/2020,4.95,4.97,4.97,4.92,6.25M,-0.20%
2/18/2020,4.96,4.91,4.96,4.88,9.50M,0.81%
2/17/2020,4.92,4.88,4.93,4.88,5.77M,1.03%
2/14/2020,4.87,4.89,4.91,4.86,7.71M,-0.20%
2/13/2020,4.88,4.96,4.96,4.86,17.53M,-1.41%
2/12/2020,4.95,5.11,5.15,4.94,30.20M,-2.56%
2/11/2020,5.08,5.08,5.13,5.06,9.86M,0.20%
2/10/2020,5.07,5.13,5.13,5.05,8.90M,-1.55%
2/7/2020,5.15,5.02,5.15,5.01,11.26M,2.59%
2/6/2020,5.02,4.99,5.06,4.97,8.96M,0.80%
2/5/2020,4.98,4.93,4.99,4.88,12.92M,1.22%
2/4/2020,4.92,4.86,4.93,4.85,10.75M,1.44%
2/3/2020,4.85,4.9,4.93,4.85,8.88M,-1.62%
1/31/2020,4.93,4.95,5,4.89,20.80M,-0.40%
1/30/2020,4.95,4.99,5,4.93,13.18M,-0.80%
1/29/2020,4.99,4.96,5.02,4.95,14.23M,0.60%
1/28/2020,4.96,5,5.04,4.96,13.85M,-1.98%
1/24/2020,5.06,5.05,5.08,5.04,8.42M,0.20%
1/23/2020,5.05,5.02,5.08,5.02,4.64M,0.40%
1/22/2020,5.03,5.14,5.17,4.99,20.13M,-1.95%
1/21/2020,5.13,5.13,5.14,5.11,3.00M,0.20%
1/20/2020,5.12,5.16,5.18,5.12,2.78M,-0.78%
1/17/2020,5.16,5.17,5.18,5.14,7.31M,-0.19%
1/16/2020,5.17,5.18,5.18,5.15,3.01M,-0.19%
1/15/2020,5.18,5.19,5.22,5.14,5.69M,0.00%
1/14/2020,5.18,5.21,5.23,5.13,7.22M,-0.38%
1/13/2020,5.2,5.21,5.22,5.17,4.28M,0.00%
1/10/2020,5.2,5.24,5.25,5.2,5.87M,-0.76%
1/9/2020,5.24,5.2,5.24,5.19,5.85M,1.35%
1/8/2020,5.17,5.24,5.25,5.15,4.84M,-2.27%
1/7/2020,5.29,5.22,5.29,5.2,6.63M,1.34%
1/6/2020,5.22,5.21,5.22,5.16,5.33M,0.00%
1/3/2020,5.22,5.21,5.24,5.21,5.87M,0.38%
1/2/2020,5.2,5.18,5.22,5.17,5.34M,0.97%
